{"Почти полностью выпали волосы": ["\nЗдравствуйте! Срочно нужна помощь!Мне  года, в августе резко начали выпадать волосы. Сдавала все возможные анализы, всё в порядке. Причину обнаружить не получается. Пробовала все возможные витамины, шампуни, процедуры, ничего не помогает. Волос уже практически не осталось. Появилась мысль, что это может быть побочным эффектом приёма лекарства. В инструкции указана алопеция побочным эффектом, но все врачи разводят руками и говорят, что впервые такое видят. За консультацией к трихологу не обращалась, так как в моём городе их нет. Хочу поехать в Киев, но не знаю к кому обратиться. Врачей много, а кого выбрать, чтобы не ошибиться, не знаю. Посоветуйте врача, или что ещё можно сделать. Спасибо!\n\n\n"], "Ломкие волосы": ["\nИз-за появления седины вынуждена красить волосы. Для этого выбрала краску без аммиака. До окрашивания у меня были здоровые блестящие волосы, теперь же ломкие и безжизненные. Бальзамы и маски для волос не помогают. Что посоветуете?\n\n\n", "\nкороткая стрижка и рыбий жир столовая ложка в день\n\n\n\n", "\nПоменяйте краску и делайте хороший питающий уход волосам.\n\n\n", "\nДорогая щадящая краска + регулярное применение питательных масок для волос (неродные рецепты не помогут) + витамины (рыбий жир, витаминные комплексы и т.д.). И срезать поврежденные волосы, конечно же. Через - месяца увидите хороший результат)\n\n\n"], "Восстановление роста волос": ["\nПожалуйста. помогите. На затылке волосы растут очень медленно, еще пушок но уже намечается лысина. Мне  лет, вижу что на затылке только в зеркало, поэтому упустил ситуацию из-под контроля. Пытался восстановить рост волос мыл голову шампунем Алерана и принимал одноименные витамины, практически ничего не помогло. В настоящее мою голову шампунем Крымская роза с протеинами пшеницы и гиалоуроновой кислотой  результата тоже пока не замечается. Волосы особо и не выпадают, но и не растут усилено. Что нужно делать?\n\n\n", "\nУ меня тоже сильно начали выпадать волосы.что я только не пробовала..всю бабушкину амуницию испробовала, а толку не было.\n\n\n", "\nПробовала так же алерану-эффект был не долгий.Тогда я обратилась в *** к трихологу,мне подобрали правильное лечение и я наконец-то восстановила свои волосы!\n\n\n", "\nА про пересадку волос не думали?\n\n\n", "\n -- :, vbif написал:Пожалуйста. помогите. На затылке волосы растут очень медленно, еще пушок но уже намечается лысина. Мне  лет, вижу что на затылке только в зеркало, поэтому упустил ситуацию из-под контроля. Пытался восстановить рост волос мыл голову шампунем Алерана и принимал одноименные витамины, практически ничего не помогло. В настоящее мою голову шампунем Крымская роза с протеинами пшеницы и гиалоуроновой кислотой  результата тоже пока не замечается. Волосы особо и не выпадают, но и не растут усилено. Что нужно делать?    Решить вопрос можно несколькими способами:. Лекарственным методом - Финастерид. . Проконсультироваться с врачами из Вашего города и записаться на лечение. \n\n\n", "\nВсем привет, интересует мнение тех, кто делал мезотерапию головы, планирую записаться на консультацию к Парфенову Алексею, администратор сказала, что обследование сразу врач проведет + надо будет сдавать анализы. Параллельно начала читать про то, что может назначить трихолог и узнала про мезотерапию, многие хвалят, насколько больно будет делать и эффект через сколько должен быть?\n\n\n"], "Прыщикранка на волосяной части головы": ["\nЗдравствуйте.У меня на волосяной части головы, ближе к затылку, появился небольшой прыщик. Не болит, не чешется, не шелушится, запахов не источает, не течет вроде бы. Дискомфорта не создает. Я его обнаружила только когда расчесывалась и задела расческой, было неприятно. Решила его зеленкой прижечь. У меня вопрос. Может ли это быть начальной стадией рака или я накручиваю? В ближайшую неделю не смогу попасть к врачу. Хотелось бы знать Ваше мнение. Спасибо. Прилагаю фото с интервалом в пять дней.  даю ссылки на фото https://pp.vk.me/c/v/d/bTUX-o.jpg https://pp.vk.me/c/v//ydOqc-TPM.jpg\n\n\n"], "Поредение волос": ["\nВолосы стали редкие, по всей видимости стали сильнее выпадать и слабее расти. ПО какой причине не знаю. Появилась перхоть. Как с этим бороться?\t \n\n\n", "\nЭто симптомы ухудшения общего здоровья,возможно гипотиреоз,попейте препараты йода и рыбий жир по  ст ложке\n\n\n\n", "\nВ первую очередь нужно обратиться к трихологу, сдать анализы. А потом уже принимать лекарства.\n\n\n", "\nЗдравствуйте! насколько я поняла постепенное ухудшение у вас возникает, по этому посоветую с перво пройти обследования у трихолога. Если заинтересует можете подробно прочитать тут, сама недавно обратилась, у меня тоже появилась перхоть почему-то.\n\n\n", "\nЕсли говорить о Москве, то в нашем городе знаю отличный трихологический центр, который называется Ан-Тек \n\n\n"]}