{"В этом разделе Вы можете задавать любые вопросы касающиеся исследований функциональной диагностики": ["\nВы можете задать любой вопрос прямо или косвенно связанный с показаниями к назначению, методиками проведения, интерпретацией результатов исследований функциональной диагностики (ЭКГ, исследование функции внешнего дыхания, УЗДГ, реография, эхокардиография и др.). Мы постараемся в кратчайшие сроки квалифицированно ответить на все возникающие вопросы, подсказать, куда лучше обратиться для выполнения таких исследований.\n\n\n"], "Болит шея и давит": ["\nЗдравствуйте! Мне  лет. Вот уже несколько месяцев ощущаю сдавленность в груди, считала, что это из-за лишнего веса. Недавно появились боли в шее с левой стороны, немного болит и с правой. Бывают болевые ощущения в районе подбородка. Вроде бы припухло немного, но визуально ничего особо не видно... На днях к этому добавилось практически постоянное сдавливание в районе горла. Само горло при этом не болит, простудных явлений нет. Самочувствие в целом в норме, нет температуры, потери веса, цвет кожи нормальный. Хочу проверить щитовидку, но, может, сначала надо к другому врачу? Да, ещё год назад у меня нашли воспаление тройничного нерва с левой стороны. Может ли это быть связано?  \n\n\n", "\nБолевые ощущения в области подбородка могут быть связаны и с невритом тройничного нерва. Остальные жалобы - нет. Но могут быть вызваны другими неврологическими диагнозами.  \n\n\n\n", "\nВам надо к хорошему неврологу обратиться\n\n\n"], "КТ": ["\nДобрый день!Скажите,пожалуйста, у меня диагноз Синовит коленного сустава.Врач не назначил кт,но я хотела бы его сделать.Мне нужно его делать с введением контрастного вещества либо без?Подскажите пожалуйста\n\n\n"], "Подскажите диагноз": ["\nМоя мама с недавнего времени не может глотать ничего ни еду, ни воду, сразу начинает задыхаться. Эти приступы могут происходить не зависимо от того ела она что-то или нет.Ей очень трудно жевать(говорит, челюсть не слушается), у нее непроизвольно опускается веко, она не может подняться со стула или поднять руки (слабость в мышцах). Она находилась  недели в ЛОР-отделении (скорая привезла), сейчас находится в неврологическом отделении (тоже привезла скорая после выписки из лор-отделения).Она прошла эндокринолога, кардиолога, МРТ , говорят все нормально.Подскажите, пожалуйста, что это может быть и к какому специалисту обратиться.Заранее спасибо!\n\n\n", "\nЗдравствуйте! Обращаться нужно к невропатологу. Из имеющихся данных - возможно боковой амиотрофический склероз. Хотя такое состояние может быть вызвано и сугубо психологическими проблемами.  \n\n\n\n", "\nЗдравствуйте! Обращаться нужно к невропатологу. Из имеющихся данных - возможно боковой амиотрофический склероз. Хотя такое состояние может быть вызвано и сугубо психологическими проблемами.  \n\n\n\n"], "МРТ": ["\nЗдравствуйте.моей свекрови  лет, лет назад во время операции ей перелили кровь и заразили гепатитом C. года назад она получила успешно лечение пегасисом и сейчас вируса в крови нет,на узи виден фиброз.мрт делали в Германии и сказали все нормально,на Фгсг не направляли.яесли есть варикозное расширение вен пищевода это бывает видно на мрт?\n\n\n", "\nДа МРТ показывает все)\n\n\n", "\nварикоз на МРТ не виден,нужна ФГС\n\n\n\n"], "Какое электричество менее вредно???": ["\nДобрый вечер!!! В многоквартирных домах  мы буквально окутаны проводами по которым течёт электричество  вольт с частотой Гц.Но теперь электричество пришло к нам в кровать, в кресло в виде электро одеял , пледов, электро грелок и тому подобных изделий. Весь этот электропоток имеет частоту Гц. Но, в настоящее время не составляет труда и больших денежных затрат - превратить переменный ток в постоянный.Возникает вопрос:  будет ли электричество постоянного тока,  напряжением  вольт, оказывать меньшее влияние на человека по сравнению с переменным напряжением  вольт???\n\n\n"], "Помощь в подборе ортеза": ["\nДобрый день, подскажите, пожалуйста, что лучше в период восстановления после операции по поводу разрыва ахиллового сухожилия гипс-сапожок или ортез (прошло  недели после операции, сейчас снимают гипс (стопа в эквинусе) и должны выставить стопу  градусов и залить гипс-сапожок). Спасибо. Дмитрий.\n\n\n"], "Боли в мышцах!!!": ["\n месяца назад заболел бронхитом.На  день при кашле появились страшные боли.Боль бродячая,резкая то в боку,то спереди,то с зади-место дислокации боли от пояса до лопаток,то с левой стороны то с правой.Много раз делали рендген,эхоскопию,разные компютерные исследования,разные анализы.Невропотолог исключил неврологию.До сих пор врачи не могут поставить диагноз.Не могу нормально спать,боли очень сильные,адские и только при кашле и такие сильные,что иногда теряю на несколько секунд сознание.Я подозреваю воспаление мышц.Ни какие болеутоляющие НЕ ПОМОГАЮТ!!!!Не помогаит и антибиотики. Что поможет???? \n\n\n\n"], "что означает": ["\nОщющение в области левой и правой пяток отличается от остальных точек ноги (отдаленно напоминает легкое онемение)? длительность  недели.\n\n\n\n"], "СПИРОМЕТРИЯ": ["\nДобрый день!Кто в районной поликлинике должен проводить спирометрию?Должен ли быть у этого работника сертификат на данный вид исследования?Сколько нужно учится,что бы овладеть методикой спирометрии?\n\n\n"], "результаты мрт (коленный сустав)": ["\n год. Травма коленного сустава: падение с ротацией. По результатам МРТ \"В медиальном мениске и переходной отмечается участок повышения МР-сигнала в PD, Stir без связи с суставными поверхностями (сложно исключить краевой разрыв).\" Где располагается \"переходная\" и что из себя представляет? Что означает фраза \"повышение сигнала без связи с суставными поверхностями? В каком месте локализуется разрыв?\n\n\n"], "Перелом пальца на ноге": ["\nПривет, был у врача и после рентгена констатировал что сломал мизинец на правой ноге, закрепил ногу на  недели в пластиковый протез на ремни, прошли уже почти  недели, и как сказал врач при первой встречи, снимать пластиковый протез с ноги через  недели, боли появляются иногда вокруг пальца если долго стоять на ногах, но палец тольше в ~ раза по сравнению с другим пальцем мезинец на левой ноге, врач также пригласил на рентген при первой встречи когда буду снимать пластиковый протез, стоит делать повторно рентген и так должно быть с пальцем относительно толщины? спасибо\n\n\n"], "боли в руке": ["\nВ течении месяца испытываю боль в предплечье левой руки. Боль возникает при отведении прямой руки влево. Подвижность суставова не нарушена. Рука безболезнено поднимается, отводится согнутая в локте назад.Боль появляется только при разгибании локтя. Врачи (травматолог, хирург и терапевт) в недоумении. Прошу Вас подсказать к какому специалисту необходимо обратиться. Спасибо.  \n\n\n", "\nТакие симптомы могут быть вызваны наружным эпикондилитом (причина - микротравма в месте прикрепления сухожилий), но нужно исключить костные изменения в локтевом суставе - для этого рекомендуется рентгенография в -х проекциях.\n\n\n"]}