{"рак щитовидной железы": ["\n\n\n\n", "\nНаличие  поражения  лимфатических  узлов(...Na...)  является  абсолютным  показанием  к  проведению  радиойодтерапии -  второго  этапа  комбинированного  лечения.  Если Вы  проживаете  в  РФ,  то  радиойодтерапию  пройти можно  только   у  нас, в  Обнинске. Одно \"но\",  важна  гистологическая  форма  рака(папиллярный,  фолликулярный???) Присылайте выписку  на  мой mail. \n\n\n\n"], "радиойодотерапия": ["\nна сколько дней ограничить общение с ребенком  лет после теста(обследования) с небольшим(диагностическим) количеством радиойода от  - милликюри\n\n\n", "\nУточните  Ваш  диагноз,  и  точную  диагностическую  активность  радиойода  ( мКи) !!! \n\n\n\n"], "цезий 134": ["\nВ  г меня проверили на радионуклиды и дали очень маленькую бумажечку, не завереную печатью, что у меня ЦЕЗИЙ  -  нки или  пки (\"Н\" и \"П\" плохо различаются). С тех пор я не проверялась. Но сейчас у меня должна быть операция, и идет проверка на раковые клетки. В случае плохого анализа будет облучение. Можно ли мне его проводить? \n\n\n", "\n\"Облучение\"  при  онкологических заболеваниях  проводится   в  рамках  комбинированного  лечения;  вопрос  о том  -  \"можно или нельзя\",   от  присутсвия  в  организме  Cs   не зависит. \n\n\n\n"], "Пилоцитарная астроцитома. Температура": ["\nЗдравствуйте.У моего брата после МРТ поставлен диагноз: в проекции моста слева визуализируется объемное образование размером ,х,х, см. без четких контуров который компрессует мост, четвертый желудочек и мозжечок слева. При введении контрастного вещества Omniscan отмечается интенсивное накопление препарата солидным компонентом в виде узла диаметром , см и стенками кистозного компонента. Супратенториальные отделы головного мозга без видимых диффузных изменений. Боковой и третий желудочек не увеличены. Субарахноидальные пространства свободны.Заключения: МРТ-картина объемного образования варолиевого моста. В первую очередь можно говорить о пилоцитарной астроцитоме.Нам сказали что операция очень опасна для жизни, рекомендовали лучевую терапию.Был сделан первый сеанс лучевой терапии получена доза  грей.Результаты КТ после первого этапа:В левой половине моста, с переходом на левые холмики четверохолмия определяется объемное образование без четких контуров, кистозно-солидной структуры условными линейными размерами х мм. При в/в контрастным усилением накопления препарата указанным образованием, а также другими отделами мозга не происходит.IV желудочек сдавлен, оттеснен сзади и несколько вправо. Латеральные цистерны мозга не визуализируются. Срединные структуры без дислокации. III, боковой желудочки не расширены.Результаты КТ перед вторым этапом:При контрольном КТ – исследовании, после курса лучевой терапии, отмечается положительная динамика в виде уменьшения размеров диагностированной ранее первичной внутримозговой опухоли ствола мозга слева на уровне орального отдела моста, с распространением на дорзальные отделы среднего мозга одноименной стороны. Размеры опухоли на момент данного исследования составляют х мм. В остальном данные прежние.После второго курса лучевой терапии МРТ еще не делали. Сейчас находимся дома кололи дексаметазон (с уменьшением по схеме), давление стабилизировалось, брат стал более подвижен, но когда перешли на  мл дексаметезона через день появилась температура, в начале ,-, теперь дошла до . Чем это можно объяснить и что предпринимать? Вокруг одни противоречивые мнения от разных специалистов. Жду Вашего ответа, надеясь на помощь.Прошу извинить за некоторую сумбурность мыслей психологически очень тяжело...\n\n\n", "\nДобрый  день!  В  своей  практике  с  данной   патологией  не  сталкивался.  Что  касается  дозировки  даксаметазона,  скоре  всего  её  придется  повысить!\n\n\n\n"], "Брахитерапия": ["\nМоему мужу  ( года) была проведена брахитерапия с применением нуклида иода  .Если можно ,ответьте насколько опасно излучение для окружающих и можно ли спать с ним в одной постели. -----------------\n\n\n", "\nПри  использовании  данного  изотопа,  Ваш  супруг  не  опасен для  окружающих.,  если  уровень  излучения  не  превышает  допустимый( мкЗв/ч)!!!\n\n\n\n"], "Радиология": ["\nНам нужна лучевая терапия после рака бронхов за год до этого перенес рак почки.Подскажите пожалуйста где можно найти опытного врача  радиолога.Куда обратиться в г москва?Ответьте пожалуйста быстрее!\n\n\n", "\nОбратитесь  в  Российский научный центр рентгенорадиологии,  телефон  справочной  центра () -. Адрес РНЦРР:  Москва, ул. Профсоюзная, д. (в -ти минутах ходьбы от станции метро \"Калужская&quot. \n\n\n\n", "\nспасибо!\n\n\n"], "Рецидив   тиреотоксикоза   после  радиойодтерапии ?": ["\n апреля  года я прошла в вашем отделении курс радиойодтерапии. В январе  года у меня появились признаки тереотоксикоза: тахикардия, тремор рук, слабость, потливость. Сдала кровь на гормоны: ТТГ – ,; СТ – ,; СТ – ,. Эндокринолог назначил мне мерказолил по  мг в день. Он сказал, что после снятия гормонального фона мне снова необходимо пройти курс радиойодтерапии. Так ли это?\n\n\n", "\nЗдравствуйте!Ваш  эндокринолог  прав,  однако  необходимо  предоставить  медицинские  документы   для  определения   показаний   к  повторному  лечению. Предпочтительно  приехать  на  очную  консультацию,  свяжитесь  с  лечащим  доктором!!!Рекомендую,  в  обязательном  порядке    сдать  анализы  крови  на  антитела  к  рецепторам  ТТГ (АТрТТГ).  Наиважнейшим  условием  успешной  радиойодтерапии  при  тиреотоксикозе  является  правильная  подготовка :  состояние  медикаментозной  компенсации  ,  безйодовая  диета  и  т.д.  Необходимо  заранее  записаться  на  лечение.  \n\n\n\n"], "Радионуклидная  терапия  153Sm-оксабифором": ["\nВ  данном  разделе    планируется  обсуждение  и  ответы  на вопросы  по  радионуклидной  терапии   метастатического  поражения  скелета  при  опухолях   различных  локализаций. контактная информация: shurinov@mrrc.obninsk.ru --\n\n\n\n", "\nа.У меня с  года менингиома головного мозга. Мне невролог назначил кавинтонвнутривенно. В  году было лечение на КИБЕР_НОЖ ( сеанса). До лечения ипосле остался шум в правом ухе и поэтому обратился к неврологу. Как быть втаком случае, один врач запрещает, другойрекомендует !!!  ?Очень жду ответ, ведь я начал применять кавинтон ! Спасибо.Очень ждуответ, ведь я начал применять кавинтон ! Спасибо.\n\n\n"], "Радиойодтерапия  - 131 I": ["\nВ  данном  разделе  планируется  обсуждение  и ответы  на    вопросы  по  лечению  радиоактивным  йодом  при  диффузном  токсическом  зобе (болезнь  Грейвса),  токсической  аденомы  щитовидной  железы( болезнь  Пламмера),  дифференцированного  рака  щитовидной  железы. контактная  информация: shurinov@mrrc.obninsk.ru --\n\n\n\n"], "Применение  радионуклидов  в  лечебных  целях": ["\nРадиофармпрепараты на основе I(йода) , Sm(самария), Sr (cтронция) являются наиболее часто используемыми в лечебных целях. Так I применятся в лечении диффузного токсического зоба, дифференцированного рака щитовидной железы из фолликулярного эпителия, в том числе и при метастатическом поражении лёгких и скелета. Применение Sm и Sr актуально при метастазах в кости, в лечение ревматоидного артрита также применятеся Sm. При раке предстательной железы применяются микрооисточники I(йода) , так называемая брахитерапия(внутритканевая, интерстициальная). Микроисточники Cf(калифорния) используются для внутритканевой терапии рака области головы и шеи. Хотелось бы отметить, что    это  далеко  не  полный  перечень  изотопов  медицинского  назначения,  но  именно  вышеперечисленные   лицензированы   в  России ,  и   имеют ограниченно применение в виду отсутствия достаточного количества специализированных медицинских центров, особенно в случае использования \"открытых\" радионуклидов :  I,  Sm - оксабифора,   Sr.  \n\n\n\n"], "метастазы рака  щитовидной  железы в легкие?": ["\nЗдравствуйте.Подскажите,пожалуйста,сколько нужно выпить рад.иода,чтоб метастазы не накапливали?Я лечусь по-поводу рака щит.железы с метастазами в легкие уже  лет.Щитовидка не накапливает.лет- почти каждые  месяца в Харькове,года- каждые пол года в Киеве пью иод.Щитовидка в норме,а вот в некоторых местах легких накапления есть!На фоне отмены тироксина()-ТГ-,-НЕ ХОЧЕТ СНИЖАТЬСЯ!Чувствую себя нормально.Что мне делать?  \n\n\n", "\nДобрый  день! Уточните,   какую  лечебную  активность    Вам  водят (мКи, mCi)  ???  массу  тела,Обычно  лечение  длится  годами.      \n\n\n\n", "\nЗдравствуйте.Спасибо,что прочитали мое письмо.лет-я пила по-мк-приблизительно каждые  месяца.Последние года-помк каждые пол года. Мой вес-кг.Дело в том,что на сканере последнее время практически ни чего не видно,но ТГ не падает?\n\n\n", "\nИнформация ясна. Получается, сцинтиграфия всего тела отражает низкое накопление изотопа в проекции лёгких . Если так, назначался ли карбонат лития(седалит) ч целью повышения захвата-удержания радиойода в очагах??? Приведате показатели ТТГ, ТГ и АТ-ТГ( перед РЙТ) за последние , года\n\n\n\n", "\nДобрый день.Кроме рад.йода я ничего не получала.Слет пью тироксин.Анализы на фоне отмены:. ТГ-,нг/мл,АтТГ-,Ме/л,ТТГ-,мМЕ/Л ;   . ТГ-,нг/мл ; . ТГ-нг/мл;                . ТГ-,нг/мл АТТГ(immunotech -):,МЕ/мл; . ТГ-,; . ТГ-,мкг/л;На фоне тироксина   .-ТГ-, АТТГ-,      . ТГ-, ТТГ меньше,   Компьютерная томография от.г: В S,на границеS иSправого легкого,SиS левого легкого визуализируются очаги уплотнения легочной ткани,-,см,некоторые частично обызвествленные.\n\n\n", "\nИ всё же, важный критерий оценки это динамика уровня ТИРЕОГЛОБУЛИНА, при обязатаельном контроле АТ-ТГ : а ТГ у ВАС - и так очень низкий - Отлично! Что касается сканограммы - лечение проводится до тех пор, пока есть очаги наколения радиойода. Как вариант поинтересоваться у своего лечащего врача о возможности введения болшей, чем ранее вводилось, активности(мКи) I с предварительным проведением радиометрии крови(blood dosimetry), ну и не забыть про Седалит. P.S. Хочу отметить , что рекомендуемый уровень супрессии ТТГ равен или несколько ниже , мкМе/мл !!! \n\n\n\n", "\nДоброе утро.Спасибо за ответ.Извините,но если можно подробнее,что такое радиометрия крови?Насколько нужно увеличить дозу рад,йода,большеМБк?? Вы написали,что ТГ итак низкий(может вы имели ввидуТТГ ?)мне сказали что ТГ должен быть на нулях.Я поняла,что дозу  тироксина,не менять,но что будет с моим сердцем?И последнее,если пить помк рад.йода каждые пол года-это норма?\n\n\n", "\nТГ  низкий -  ЭТО  уже  отлично,  конечно  идеально  \"\"  !!!Радиометрия(дозиметрия)  крови проводится  для  определения  максимальной  дозовой(Гр)  нагрузки  на  кровь  при  планировании   введения  высоких  активностей(мКи)   радиойода.   мКи  и  раз  в  полгода -  правильно!\n\n\n\n", "\nПро метастазы рака щитовидной железы\n\n\n\n"], "МРТ мозга - второе мнение": ["\nЗдравствуйте, Очень бы хотелось услышать второе мнение по результатам МРТ. Ниже ссылка на результаты обследования. https://drive.google.com/uc?id=BqdxPWUmRNgamRSXAycms&export=download Взгляните, пожалуйста, и поделитесь соими мыслями, есть ли какие-то патологии?\n\n\n"], "Влияние кавинтона на менингиому головного мозга. ": ["\nа.У меня с  года менингиома головного мозга. Мне невролог назначил кавинтонвнутривенно. В  году было лечение на КИБЕР_НОЖ ( сеанса). До лечения ипосле остался шум в правом ухе и поэтому обратился к неврологу. Как быть втаком случае, один врач запрещает, другойрекомендует !!!  ?Очень жду ответ, ведь я начал применять кавинтон ! Спасибо.Очень ждуответ, ведь я начал применять кавинтон ! Спасибо.\n\n\n"], "Лучевая терапия": ["\nЗдравствуйте!Две недели назад мужу закончили  делать курс химии и лучевой терапии(сеансов)Диагноз:Рак верхнего отдела пищевода.За неделю до окончания лечения начались очень сильные боли в горле,пропал голос,сильнейшие боли при глотании,не возможно ни есть ни пить.Врачи установили зонд для питания.Делаем обезболивающие уколы и принимаем всевозможные таблетки рекомендованные врачами,боли не проходят.Скажите пожалуйста,сколько длится период восстановления после лучевой терапии.?Возможно ли что лечение прошло не правильно,и были получены сильнейшие ожоги слизистой?Спасибо!\n\n\n"], "после лечения радиоактивным йодом.": ["\nДобрый день! На момент лечения радиоактивным йодом у меня был насморк. Сейчас после лечения прошло  недели, а насморк не проходит. Подскажите, это может быть снижением иммунитета после лечения и что можно сделать, чтоб поднять иммунитет?\n\n\n", "\nиммунитет от радиоактивного йода не снижается а насморк может быть банально осложненным синуситом и может быть при передозировке йода\n\n\n\n", "\n-- :, VeraKh написал:Добрый день! На момент лечения радиоактивным йодом у меня был насморк. Сейчас после лечения прошло  недели, а насморк не проходит. Подскажите, это может быть снижением иммунитета после лечения и что можно сделать, чтоб поднять иммунитет?[/QUOTДобрый  день! Если  есть  опасение в  снижении  иммунитета  после радиойодтерапии,  необходимо  выполнить  иммунограмму .  Помните,  если  у  вас  онкология  - нельзя  проводить никаких  физиопроцедур  до  момента  подтверждения  клинической ремиссии(  не ранее  чем  через  ть  лет). \n\n\n\n"], "flexor retinaculum на мрт": ["\nздравствуйте, пожалуйста, помогите с ответом на вопрос: есть ли ретинакулум на моей стопе? http://dicom.lins.ru/view.html?s=ErXmKLVEtDynnWo спасибо\n\n\n"], "МРТ головы, можно ли делать если стоят ретейнеры металлические на зубах": ["\nЗдравствуйте! Скажите пожалуйста можно ли делать МРТ головы, если на зубах стоят Несъёмные(металлические) ретейнеры?  \n\n\n"], "Можно ли проводить лучевую терапию головного мозга при наличии опухоли размером в поперечнике 90*65?": ["\nДобрый день! Подскажите пожалуйста, актуально ли и эффективно будет проведение курса лучевой терапии при результатам МРТ головного мозга астроцитомы grade - с примерным размером в поперечнике *мм?\n\n\n"], "Вопрос по радиотерапии": ["\nМеня зовут Надежда, я врач из Липецка. Очень была бы блогодарна за совет относительно моей ситуации. Пациент мой муж  лет.Пилоидная астроцитома ствола головного мозга.В России в НИИ Бурденко .. проведена открытая биопсия и перфорация днатретьего желудочка.Радикальное или субтотальное удаление невозможно ввиду локализации.На данный момент самочувствие удовлетворительное.Клиника гидроцефалии отсутствует.Другой симптоматики нет.В НИИ Бурденко предложена радиотерипия на аппарате НОВАЛИС  фракций грей. Параллельно прорабатываем вопрос о радиотерапии в Израиле, получили ответ из многих клиник и все они говорят что Процесс лечения начинается с симуляции - составления программы точечного облучения. Само лечение начнется через несколько дней после симуляции и обработки данных. Кроме того существует диапазон количества полей (от  до ), которые используются во время каждого сеанса.При лечении используется система Varian. Хотелось бы узнать:. В чем разница между систем Varian и НОВАЛИС, является ли какая-нибудь из них предпочтительной именно для пилоидной астроцитомы. . Является ли предлагаемая ими процедура симуляции неотъемлемой частью лечения на современной аппаратуре, т.е. если получать лечениев России то она автоматически будет проведена или это и есть то самое отличие в уровне российской и израильской медицины. \n\n\n"], "Радиохирургия": ["\nЗдравствуйте, возможно мой вопрос не по адресу,в радиохирургии есть понятие \"Максимальная степень раскрытия симметричного Y-коллиматора типа «челюсти»\" или правильнее \"Максимальная степень раскрытия «челюстей» симметричного Y-коллиматора типа\"? Заранее спасибо\n\n\n"], "Повышение уровня ТТГ после отмены л-тироксина": ["\nДобрый день!Моему ребёнку(девочка, лет) была удалена щитовидная железа из-за папиллярного рака.Лечение проходит нормально.В августе были в Обнинске и по результатам выписки врач сказал,что вопрос решён ещё на операции.Йода ему не жалко,но зачем просто так облучать ребёнка.Единственное это через полгода сделать отмену гармонов и проверить ТГ и ТТГ.Если будет повышение значений,то милости просим,обратно к нам.Вот полгода прошло.\"Согнали\" почти до нуля ТГ и сделали отмену и выяснилось,что ТГ так и осталось в норме,а ТТГ подскочило до !Вот здесь стало страшновато!Сейчас надвигаются новогодние праздники и соответственно после них мы обязательно приедем в Обнинск(если нужно),но вот сейчас встал вопрос о продолжении приёма гармонов.Как нам поступить?Спасибо,за ответ!P.S.Если нужно,то могу более подробно описать полученные анализы.\n\n\n"], "KT ангиография сосудов головы и шеи": ["\nДорогой доктор. Как проводится это обследование, обязательно с контрастом? Сказали только что не есть  часа и анализ крови на креатин. А как проверить есть ли непереносимость контраста?? \n\n\n", "\nАнгиография  проводится  с  применение  рентгенологически-контрастных  препаратов,  вводимых  внутривенно. Непереносимость  вышеуказанных  препаратов   втречается  очень редко.  \n\n\n\n", "\nСпасибо. Сделала КТ ангиографию. Дорогой доктор. Видны ли при этом обследовании бляшки в сонных артериях или их видно только на узи сосудов? На узи - бляшки атеросклеротические, а тут не пишут. Зачем тогда это обследование, если на узи скорость сужение бляшки определяются?????Что выявляет КТ ангиография???\n\n\n", "\n -- :, tast написал:Спасибо. Сделала КТ ангиографию. Дорогой доктор. Видны ли при этом обследовании бляшки в сонных артериях или их видно только на узи сосудов? На узи - бляшки атеросклеротические, а тут не пишут. Зачем тогда это обследование, если на узи скорость сужение бляшки определяются?????Что выявляет КТ ангиография???   Тоже интересует этот вопрос. У меня подозревают патологическую извитость сосудов шеи. Советуют пройти КТ с контрастированием, а у меня вообще аллергия на многие препараты, особенно на антибиотики. Какие есть еще методы? Что выбрать? Можно ли чем то заменить КТ менее опасным?\n\n\n", "\nЗдравствуйте! Что бы можно было рассматривать конкретно Ваш случай - выложите, пожалуйста, данные исследований и хотя бы кратко анамнез (что Вас в принципе привело к врачу и заставило проходить указанные исследования). Если брать в целом, то атеросклеротические бляшки визуализируются и при УЗД, и при КТ или МРТ ангиографии  сосудов шеи. Следует также помнить, что качество полученного результата зависит не только от самого выбранного метода, но и от разрешающей способности конкретно того аппарата, на котором будет проводится исследование. Компьютерная томография, т.е. КТ, относится к рентгеновским методам исследования, остальные основаны на других эффектах, без использования рентгеновских лучей. Кроме того проведение МРТ возможно без введения контрастного вещества, в отличие от КТ. Но при этом данный метод проигрывает тем, что КТ также визуализирует и костные структуры, которые могут служить просто ориентиром, или же вместе с сосудами быть \"зоной интереса\", например при травме шеи. Выбор метода зависит от цели, которую преследовал врач, назначивший Вам обследование. \n\n\n\n"], "Радиологическая визуализация": ["\nНедавно стал работать бесплатный сервис, который помогает опубликовать радиологическое исследование. Для этого нужен только веб-браузер.  позволит загрузить исследование на сервер и затем просмотреть его в окне браузера, персональные данные удаляются автоматически. При этом не требуется дополнительных программ, а сложность не больше чем при работе с обычным файлообменником. Исследование будет отображаться примерно так: \n\n\n\n"], "Беременность после облучения радиоактивным йодом": ["\n, мес. назад прошла облучение радиоактивным йодом, знаю , что в течение .- лет нельзя рожать ребенка, скажите каковы вообще шансы забеременеть в течение этого времени , и если это вдруг произошло , какие могут быть последствия ? и реально ли вообще выносить малыша ?\n\n\n", "\nЗдравствуйте! Не  мешает  указать  и  диагноз !!!Планировать  беременность  можно  уже  по истечению   месяце  после  радиойодтерапии. \n\n\n\n", "\nДиагноз ДТЗ ,  узла неизв. злокач. или доброкач. (неск. раз отказывалась от биопсии ,а перед облучением рад.йодом радиолог сам сказал , что состояние тяжелое , мол, хватит мучить , какая говорит уже разница какие они злокач. или доброкач. , все равно говорит всю щитовидку убьем , и узлов не будет ) , вот такой диагноз. Я знаю и понимаю , что можно планировать не раньше чем через год , потому и хочу узнать , какие последствия в результате случившейся раньше беременности. И беременность в этот период просто невозможна?\n\n\n"], "Посетила подругу в радиологии": ["\nДобрый день. Посетила подругу в радиологии на  день после принятия йода . Общалась на расстоянии , метра минут . Могла ли я получить негативное воздействие на себя. Еще. Ждала подругу непосредственно в радиологическом приемном отделении минут . Заранее благодарю.\n\n\n", "\nВряд ли, даже  если  Вы  беременны,  слишком  короткий  интервал  времени  и  достаточное расстояние. \n\n\n\n"], "Интерпретация ПЭТ": ["\nЗдравствуйте. Мне  год.. в  году проведена операция по ножевой ампутации шейки матки (рак стадии -) без облучения и химии. Проводятся ежегодные обследования, рецидивов нет.. В феврале  проведена тубэктомия слева в связи с внематочной беременностью.. В июле проведено выскабливание в связи с гиперплазией, одновременно удалили полип слева, без патологий.. Регулярные УЗИ показывают  миомы небольших размеров.. При исследовании в феврале  года проходимости маточных труб патологий матки не выявлено.. .. сделала ПЭТ-исследование тела. Результат \"На серии томограмм всего тела определяется патологический очаг гиперметаболической активности в теле матки размерами .см с SUVmax=.. При отсроченном исследовании через  часа после введения препарата уровень накопления в очаге вырос до .., что характерно для злокачественного процесса. Заключение: имеются данные о наличии активной специфической ткани в теле матки, воспалительный характер маловероятен\". . Перед этим, .., при приведении МСКТ брюшной полости \"Передний контур тела матки слева от саггитальной линии деформирован мягкотканным образованием размерами около хх мм, накапливающим контраст\".То, что обнаружили при МСКТ и ПЭТ, что это может быть? Может ли миома небольших размеров перерастать в злокачественную? если, надеюсь, это не рак, то что еще может накапливать контраст как злокачественные опухоли? Для меня это очень важно, так как с мужем планируем ребенка по программе ЭКО (по мнению нескольких врачей, мои миомы не являются противопоказанием к вынашиванию ребенка), но все эти исследования все дальше отодвигают решение этого вопроса все дальше. Заранее благодарю за ответ. \n\n\n"], "КТ разметка": ["\nДобрый день,у меня вопрос, кто должен заниматься кт разметкой, для лучевой терапии??есть ли какие документы? просто в нашей больнице сейчас стараются эту разметку повесить на рентгенлаборантов, у них и так работы хватает, а тут еще и это.давайте правельнее обрисую картину происходящего, у нас есть отделение рентгена и радиологического в котором проводят лечение ( облучени) пациентов.я спрашивал кто должен делать кт разметку для данного лечения. потому что как я понимаю кт разметка, это не исследование а подготовка пациента для лучевого лечения.а лаборантов щас стараються насильно заставить делать данную разметку.и еще, у радиологов должен быть специальный лаборант, который будет заниматься данной разметкой??? Или обычные рентгенолаборанты должны заниматься этим.\n\n\n"], "Лучевая терапия головного мозга.": ["\nЗдравствуйте! В начале августа этого года у меня была обнаружена опухоль головного мозга. В конце августа ее полностью удалили оперативным путем. По результатам гистологии - менингиома мозжечка, доброкачественная. С . по . сделали курс дистанционной лучевой терапии, суммарная доза  грей. Химиотерапия не была показана. У меня к вам такой вопрос: через сколько после проведения ДЛТ на головном мозге можно планировать беременность?! Через сколько эта гадасть выходит из организма?Мне  лет, у меня уже есть одни ребенок, год и четыре месяца ему. Просто нас таких было трое у врача, все наши подобные вопросы врач игнорировал. Мне так вообще заявил, у тебя есть один ребенок, тебе мало что ли. Ну очень хочу я еще малыша.Ну, это естественно, что первый год я буду делать МРТ, потом еще пять лет. И вообще риск рецедива существует всегда.\n\n\n"], "сцинтиграфия": ["\nздравствуйте, вопрос: через сколько после сцинтиграфии костей можно проводить лучевую терапию. например пациентке Л, провели сцинтиграфию ,,г. .. пришла на консультацию к радиологу, для решение вопроса о дистанционной лучевой терапии на область грудного отд позв.(-. Через какой промежуток времени  я могу начать лучевую терапию?\n\n\n"], " стереотаксическая  радиохирургия": ["\nСтереотаксическая радиохирургия при МТС головного мозга  проводится один раз или возможно по истечении какого времени \"порезать\" МТС дальше? Что можно попринимать после рекомендованного стандартного набора медпрепаратов после радиохирургии  для поднятия жизненного тонуса и облегчения последствий радиохирургии?\n\n\n"], "Позднее диагностирование перелома грудины.": ["\n   Ответьте, пожалуйста, будут ли определены \"следы\" перелома грудины, а это трещина в нижней ее трети, спустя , года, при рентгеновской компьтерной томографии?  Или какая другая диагностика может эти \"следы\" выявить, если клиническая картина полностью соответствовала поставленному диагнозу, на тот период времени, но врач-рентгенолог, поставил перелом грудины под вопросом, объяснив это тем, что рентгенограмма (выполнена в боковой проекции) не дает полной информативности происходящего?  \n\n\n", "\nВаш  вопрос  адресован   врачу рентгенологу,  задайте  его  здесь:  http://www.medlinks.ru/modules.php?op=modload&name=Forum&file=viewforum&forum=\n\n\n\n"], "Родоновые озера Ленинградской области.": ["\nЗдравствуйте. Слышал что в Ленинградской области есть озера с радиоактивным газом родоном.Только нигде не могу найти насколько это полезно или опасно. Сейчас идет политика захвата водоемов поэтому хотелось бы карту родоновых озер. Летом просто нигде невозможно искупаться. Финский залив выглядит как выгребная яма. А в любое озеро идти купаться боязно, родоном пугают. \n\n\n\n"], "Пищевые добавки": ["\nЗдравствуйте,.Мне порекомендовали принимать антиоксидантный комплекс \"НОВОМИН\"Скажите пожалуйста:это эффективная помощь течению? Или зря потраченные деньги?У меря шесть лет назад удалили левую долю и перешеек,а в этом коду щитовидка дала посев на рёбра.\n\n\n", "\nПростите за ошибку.Слово \"ТЕЧЕНИЮ\" прочитайте как ЛЕЧЕНИЮ\n\n\n", "\nЕсли  у  Вас  стоит  диагноз  \"Папиллярный( или фолликулярный ) рак  щитовидной  железы и  как  Вы  указываете \"давший  отсевы  в  рёбра\"  ,  т.е  выражаясь  медицинским  языком - метастазы  в  кости,  необходимо СРОЧНО  сделать  следующее :)  Повторная  операция  с  целью  полного  удаления  щитовидной  железы  - тиреоидэктомия )  Проведение  радиойодтерапии (  возможно  в  сочетании  с  радионуклидной  терапией  Sm-оксабифором  или  Sr)  в  условиях  либо  нашего  Центра,  либо  как  вариант  в  Тюменском  областном онкодиспансере.  В  отношении  биободавок, в  такой  ситуации,  отношусь  как  к  \"разводу\"  на  деньги.\t  \n\n\n\n"], "\"Радиоизотопное исследование\"": ["\nЗдравствуйте!!!У моей мамы рак молочной железы,  стадия.Два года назад её про оперировали,удалили левую грудь.Прошла курс химиотерапии.Через два года ей сделали сцинтиграфию скелета.В результате:выявлены очаги патологической гиперфиксации, расположенные в проекции переднего отрезка  ребра слева,заднего отрезка  ребра слева (возможно,это один очаг,визуализируемый с обеих сторон,в задней проекции с большей интенсивностью),L- - S-,визуализируемый только в передней проекции.Объясните ,пожалуйста,что значит это результат.Заранее спасибо!!!\n\n\n", "\nСкорее  всего -  это  участки  метастатического  поражения  скелета,  для  уточнения ,  необходимо  сделать   либо  рентгенологическое,  либо  МРТ - исследование  данных  областей. При  подтверждении  метастатического(MTS)  поражения  склета, обязательно  проводить  терапию  бисфосфонатами( зомета  ,  резорба  и т.п.),  а также  курсовую(  один  раз  в  - месяцев)  радионуклидную  терапию  остеотропными препаратами Sr или  Sm-оксабифор,  последний  более  предпочтителен  и  используется  в  нашем  Центре.  \n\n\n\n", "\nСпасибо,Вам за ответ!Ей делали МРТ,но оно еще нечего не показало. Ей начали делать химиотерапию,капают внутривенно.Какая-то красная химия.Точно не знаю.Один раз в месяц будут капать.Всего  процедур.Сказали,через  день будут применять таблетированную химиотерапию.Скажите,что лучше та красная химия внутривенно или же таблетированный вариант химии.\n\n\n", "\nЗдравствуйте!  Оставим  вопрос  про  химиотерапию на  рассмотрение  местных  специалистов,  тем  более  ,  что официально - нет  никакой  \"красной  химии\",  это  уже  нарицательное  выражение. Почитайте  внимательно  мой  предшествующий  пост  в  отношении  метастазов  в  кости !!!!  Это очень  важно !!! \n\n\n\n"], "МРТ": ["\nКак часто можно делать МРТ? Чем она опасна для организма? Если во время проведения МРТ на человеке была серебрянная цепочка с крестиком, какие могут быть последствия? \n\n\n", "\nЛюбое исследование делается  по  определённым показаниям,  частить  в  любом случае  не стоит,  всё-таки  это  высокопольное  магнитное  поле. Если  была  цепочка  на  теле  в  момент  исследования - последствий  не  будет, но  снимать  всё  металлическое  требуется  всегда;  вопрос  к  персоналу...   \n\n\n\n"], "Метомтазы от щитовидки": ["\nВ. году удалили левую долю щитовидки и перешеек.В этом году удалили опухоль на грудной клетке.Анализ показал что это посев от щитовидки.Сейчас хотят удалить остальную культю.После чего хотят направить в Обнинск для облучения.Разъясните пожалуйста ,сто это за облучение.?И какова его эффективность?\n\n\n", "\nДобрый  день!  Вопрос  можно  обсуждать,  лишь  только,  имея  полную  информацию  по  заболеванию, перешлите  мне  выписку.  Данный  вид  лечения: радионуклидная  терапия   - радиойодтерапия,  является  высокоспецифичным  в  отношении  дифференцированного  рака  щитоивдой  железы (папиллярного  и  фолликулярного вариантов)  в  том  числе  при  поражении  лёгких  и   скелета.  \n\n\n\n"], "рак носоглотки": ["\nу папы рак носоглотки TNM.прошел  курса химиотерапии, сейчас идет облучение шеи и носоглотки.скажите,какие капельницы можно ставить?переносит нормально,только слабость большая и ожоги.и после завершения лучевой терапии нужно капать что то?\n\n\n", "\nЗдравствуйте!  Если  есть  ожоги,  требуется  местное  лечение. \n\n\n\n"], "заключение по сцинтиграфии щитовидной железы с99m Tc-MIBI": ["\nздравствуйте, я получилa результаты сцитографии щитовидной железы и в заключении написанно следующее:Заключение.тирэктомия. По данным контрольного сцинтриграфического исследования получены данные за появление неоднородной гиперфиксации m Tc-MIBI в шейной обрасти( рецидив? инфламационный процесс?)Рекомендовано: Сцинтиграфия всего тела с IПожалуйста, дайте какие- нибуть комментарии и пояснения к этому заключению \n\n\n", "\nЗдравствуйте! Укажите  полный  диагноз,  дату  операции. \n\n\n\n", "\nоперация была в октябре Поступила с диагнозом с-r щитовидной железы TINM Ist,после хирургического лечения в г. Progressivae:mts лузлы шеи слеваЦит.- папилярыне изменения. Послеоперацонный гипотериоз средней степени тяжести. Паранеопластическая нефропатия ХПН II-III степен(гипокалийсмическая почка). Миокардиодистрофия сложного генезаю НБПНПГ. Астено-невратический синдром.В  хирургическое лечение не проведено.. Нефролог- очень высокий риск фатальных нарушений ритма, проведена сцифтография.Решается вопрос о толерантности проведения операции эндокринологом, нефрологом и результатам сцитографии. Рекомендовано сцитография всего тела сI Узи щитовидной железы .Заключение. Рецидив в ложе слева с неоднородной структрой с кальценомами. Региональные лузлы изменены по ходу сосудистого слеваУвеличение до мм. С неоднородной структурно и эхогенными участками.\n\n\n", "\nРецидив  заболевания  в  ложе  щитовидной  железы  либо  в  регионарных  л/узлах  должен  быть  подтверждён  цитологически(пункционная  биопсия). Считаю  нецелесообразным  проведение  диагностической  сцинтиграфии,  плае  может  быть следующим:   подтверждении  рецидива  по  данным  пунции - оперативное  лечение,  далее  радиойодтерапия  с  последующей  сцинтиграфией  всего  тела  на  -  сутки. Каковы  показатели  ТТГ,  ТГ. АТ-ТГ ? В  каком  регионе  проживаете?\n\n\n\n", "\nТТГ . ,биопсия от августа  года показывала злокачественные образования. Данных по ТГ и АТ-ТГ , в данный момент, на руках нет. Проживаю в новосибирской области\n\n\n", "\nНеобходима операция!!! Ищите в Новосибирске доктора Шевченко С.П. Во й клинической  больнице  зав. отделением эндокринной хирургии . \n\n\n\n", "\n спасибо за   помощь\n\n\n"], "Рак щитовидной железы": ["\nДобрый день. Моему другу .. удалили щитовидную железу и лимфоузлы с левой стороны шеи. Рак ТаNаMx фолекулярный рак папилярного строения. .. была проведена йодотерапия. .. удалили лимфоузлы с правой стороны шеи. .. при отмене L-тироксина  (три недели не принимал) - ввели дигностический йод. Анализ не выявил очагов, но взяли анализ крови - ТГ - . Что это может означать? Большое спасибо.\n\n\n", "\nЗдравствуйте! Во-первых,  требовалось  не  диагностическое  сканирование  с  радиойодом,   а повторное  проведение  радиойодтерапии! Что  касается  повышенного  уровня  ТГ (  норма  до    нг/мл),  слишком  мало  времени  прошло  после  операции:  всего    месяца.Повторите  указанный  анализ  ТГ  обязательно  с  антителами  к  Тиреоглобулину(  АТ-ТГ)  через    -    месяца, а  также  проконтролируйте  тиреотропный  гормон (  ТТГ ) ,  его  уровень  при  адекватной  супрессовной  дозировке  тироксина  болжен  быть  в  предлах  ,  мкМЕ/мл.  \n\n\n\n"], "последствия облучения": ["\n Добрый день! Три недели тому назад мне был проведён сеанс радиологического облучения на установке Novalis в НИИ Бурденко.Диагноз аденома гипофиза,состояние после операции.После снятия стереотаксической рамы у меня до сих пор наблюдается онемение поверхности кожи головы в двух местах чуть выше мест крепления болтами.Стоит ли беспокоиться по этому поводу? Спасибо.\n\n\n", "\nНет, беспокоится  не  стоит. \n\n\n\n"], "беременность после лучевой терапии": ["\nЗдравствуйте. Меня зовут Люся. Мне  года. Подскажите пожалуйста, могла ли лучевая терапия на молочной железе вызвать аномалии развития у плода, если после окончания лучевой терапии прошло  месяцев и потом наступила беременность.Врачи очень неуверенно назыввают эту аномалию синдромом Денди Уокера. Химию не делали. Когда можно будет задумываться о планировании беременности? Спасибо большое.\n\n\n", "\nНа  мой  взгляд  - вряд ли.   \n\n\n\n"], "радиактивный фон": ["\nЗдравствуйте!    дней   - это  слишком.  После  введения  радиойода,  при  лечении  рака щитовидной  железы,    к    дням  фон  практически  всегда  в  норме.   \n\n\n\n"], "плановое лечение": ["\nЗдравствуйте, прооперирована ..г. Диагноз: Малоинвазивная фолликулярная В-клеточная карцинома щитовидной железы,рТNхMх,ст.I. Рекомендовано лечение радиоактивным йодом в плановом порядке. Подскажите пожалуйста, где можно пройти такое лечение?\n\n\n", "\nЗдравствуйте!  Если  Вы  проживаете  в России,  то  приезжайте на  радиойодтерапию  к  Нам  в  Обнинск.  \n\n\n\n"], "MRT": ["\nУважаемый доктор! Как известно, при  проведении КТ происходит облучение пациента рентгеновским облучением. А какаое облучение получает больной при проведении магнитного резонанса.? Больного обследуют электромагнитным полем,? Какое облучение он получает?Заранее благодарю за ответ.\n\n\n", "\nПри  проведении  МРТ  организм  обследуемого  не  получает  лучевой  нагруке,  как  при  рентгеновских  методах  обследования.  Но  метод  МРТ  имеет  свои  показания  к  проведению. \n\n\n\n", "\nМой лечащий врач сказал, что мрт часто проводить нельзя. Я, лично, прохожу обследование раз в год не чаще...\n\n\n"], "Вопрос радиологу": ["\nЗдравствуйте. В  году диагноз РШМ б, лучевая терапия, внешняя и внутренняя, после лечения вроде все ок, спустя  месяца начала болеть поясница, появились выделения, не кровянистые. просто бели жидкие.На проверке диагностировали язвенный деффект купола влагалища. на биопсии-рак не подтвержден, решили что это постлучевая язва. КТ-ничего не выявило, Боли не проходили, обратилась в другую клинику, где мне по УЗИ поставили рецидив справа от шейки матки  с распространением на маткуи назначили еще облучение грн на линейном ускорителе, после лечения боли не прекратились, назначили еще химию, боли не прошли,ренгеноскопия поясцово кресцового отдела-ничего.сделали МРТ малого таза- с контрастом-признаков рака нет, только киста яичника.Помогите мне обнаружить причину моих болей!!!!! я живу на обезбаливающих уже месяцев каждый день!!!!!!! Болит ноет область таза так что на стену лезу причем не зависит от нагрузок или чего то еще...ноги иногда ноют тоже сильно. Я просто в отчаянии???? Как исключить мтс в кости???? Или это лучевые повреждения????? Что тогда делать????? я мама, сыну  года, помогите люди добрые!!!!!!! Делала сканирование на остеопорз- ничего такого, слегка понижена масса кости. но сказали при отключке яичников это нормально..... Ничего гормонального не пью. Приливы уже год!!!!!!\n\n\n", "\nЗдравствуйте!  Необходимо  првести остеосцинтиграфию!!!  Результаты  сразу же вышлите мне. \n\n\n\n", "\nСкажите пожайлуста . могу ли я выслать вам результат мрт малого таза?\n\n\n", "\nСкажите пожайлуста . могу ли я выслать вам результат мрт малого таза?\n\n\n", "\nКонечно  пересылайте!\n\n\n\n"], "моя маленькая принцесса": ["\nЗдравствуйте!!!Моей дочке  лет,у нее АВМ левой височной зоны.За год было  кровоизлияния.В НИИ Бурднко было проведено радиохирургическое лечение на ускорители Кибернож .. прошло  месяцев и ей опять стало плохо.На снимках КТ .. отек вещества и отмечается ликворная киста в месте перенесенного ранее кровоизлияния.Месяц мы колим дексазон,делали перерыв наступало ухудшение.Наш радиолог в отпуске,ответьте пожалуйста возможно такое ухудшение после облучение,и что могло спровоцировать ухудшение?Кисты ранее не было выявлено,это как то связано с облучением? Заранее СПАСИБО!!!!Марина Ершова.\n\n\n", "\nЗдравствуйте! К  сожалению  моя  специализация :  радионуклидная  терапия,  и  опухолями  нервной  системы  наш  институт  не  занимается.  Одно могу  сказать,  что от  инъекций  дексаметазона  отказываться  в  настоящее  время  не  рекомендуется. Рекомендую созвониться  со  специалистами   отделения  в  котором  Ваша  доченька проходила  лечение,  уверен  процентов  на   ,  что  в  информационной  поддержке  Вам  не  откажут - вопрос  медицинской  этики!!!\t\n\n\n\n"], "Безрезультатное лечение радиоактивным йодом?": ["\nЗдравствуйте! Пишу Вам из Байконура.  марта  г. я прошла лечение радиоактивным йодом в Обнинске ЭСКО. Через месяц после лечения уровень гормонов был в норме (ТТГ - ,). Еще через месяц анализы стали меняться не в нужную сторону ТТГ - ,, (остальные Т Т Антитела в норме), опять появились признаки гиперфункции: учащенное сердцебиение, отдышка, состояние тревоги, ухудшилось состояние глаз(зкзофтальм). Означает ли это что лечение не дало необходимых результатов? Какие должны быть дальнейшие действия? Опять начинать пить тирозол? Мой эндокринолог затрудняется принять какое то решение. Подскажите пожалуйста, спасибо.\n\n\n", "\nДобрый  день!  Самое  правильное  связаться  со  своим  лечащим  врачом у  нас  в  Обнинске. Но  возвращение  признаков  гипертиреоза  через   месяца  полсе  РЙТ -  не  есть РЕЦИДИВ!!!  эффектиность  РЙТ  оценивается  через    месяцев,  не  ранее!!!  Противопоказаний  к  приёму  тирозола,  при  отсутствии,  аллергии  нет.  Хочу  отметить,  что  Ваш  случай  - это  не  редкость,  лично  я  наблюдаю  такие  ситуации  с  завидно  регулярностью,  особенно  у  пациентов  с  \"большой\"  шитовидной  железой.  Что же касается  обострения  офтальмопатии, то  лекарство  здесь  одно - гормоны кортикостереоды ( преднизолон  и т.п.).   \n\n\n\n"], "общение с ребенком после радиойодтерапии": ["\nЗдравствуйте! Меня очень интересует вопрос. После удаления щитовидной железы я прошла лечение радиоактивным йодом. .. получила I  А= МБк, .. выписана. Дозиметрический контроль при выписке - . мкЗв/ч (n < мкЗв/ч).При выписке сказали, что общение с близкими разрешается, в том числе и с детьми.  Но в разных источниках, разная информация. В связи с этим хочу задать следующий вопрос. Подскажите пожалуйста, так как у меня маленький ребенок  ( месяцев), возможно ли сразу после выписки близкое общение с ним, то есть могу ли я брать его на руки, спать с ним в одной постели, или стоит какой-то промежуток времени еще воздержаться? \n\n\n", "\nнапример  для  России  норма  менее  мкЗв/ч ( НРБ - ,).  Рекомендую  ограничить  близкое  (до  - метров)  общение  с  ребёнком  на  срок до  х - ти  суток. \n\n\n\n", "\nСпасибо Вам большое!\n\n\n"], "лимфагранулематоз": ["\n Здравствуйте. Мне поставлен диагноз лгм  б ст.( шейная, справа подмышечная, параортальные, л.уз. у ворот печени и немного в паховой области, печень и селезенка в норме.) Назначено  курсов пхт, потом лучевая терапия затем опять пхт  курса. Прошла  курсов ПХТ по схеме ABVD. Л.уз. увеличенные остались только в области первичной локализации  слева в шейной и справа в подмышечной области,   но они уменьшены в - раз. Симптомов интоксикации нет уе после первого курса. Плохо перенашу пхт. Не могу работать около недели. Потом становится лучше.  можно ли прекратить лечение?  Или же отсрочить? Обязательно ли пройти все что назначено? Спасибо заранее.\n\n\n", "\nРекомендую  продолжить  лечение.  Плохое  самочувствие  в  течение    недели   -  это  не  повод  к  отказу  от   продолжение  ПХТ,  тем  более,  что   схема  ABVD  одна  из  наиболее  оптимальных.  С  наилучшими  пожеланиями скорейшего  выздоровления.   \n\n\n\n"], "Выведение РЙ из организма": ["\nПроконсультируйте, пожалуйста. У меня ДТЗ, V ЩЖ= куб см, .. я приняла РЙ амбулаторно  МБк, сразу на расстоянии  м дозиметр зафиксировал , мкЗв/ч. На девятые сутки на расстоянии  м дозиметр зафиксировал  мкЗв/ч, около ЩЖ  мкЗв/ч. Вопросы: . Когда я буду безопасна для общения с годовалым ребенком (жить вместе в одной квартире, но не брать на руки, не целовать)? . РЙ выводится из организма с мочой, стулом, слюной, потом, дыханием. Как много выводится его с дыхание? Насколько это опасно для проживания с годовалым ребенком? Через какое время выводится с дыханием и слюной он будет столь мало, чтобы я спокойно могла целовать близких? Заранее спасибо. \n\n\n", "\nЗдравствуйте!Если  вопрос  идет  о  РФ,  то  нормы  радиационной  безопасности -  не  более   мкЗв/ч  на  расстоянии  от  источника(щитовидная  железа  в  вашем  случае). остаточная  активность  в  ткани  железы  может  сохраняться  до  -, месяцевГде  проводили  радиойодтерапию??? Ограничение  общения  с  годовалым  ребёнком  около  -ё  дней  при  Ваших  показателях. \n\n\n\n", "\nСпасибо за оперативный ответ. Я проходила лечение в Н.Новгороде Гор. больница №. Я правильно поняла, что через  дней с дыханием РЙ практически не будет выводится? А брать рубенка на руки и целовать его можно будет когда фон около шеи будет в пределах нормы?\n\n\n", "\nФактически  Вы  уже  не  опасны  для  своего  малыша,  т.к.  фон  менее    мкЗв/ч.  Но,  для  того  чтобы  минимизировать  ВОЗМОЖНЫЙ(  а  не  \"абсолютный&quot  вред  для  щитовидной  железы  ребёнка  необходим  период  ограничения  общения,  Вам  должны  были  это  объснить  доктора.  \n\n\n\n", "\nСпасибо еще раз за ответы. Вы правы в больнице мне дали консультацию и \"Памятку по радиационной безопасности (как вести себя дома). Рекомендации ФГБУ МРНЦ Минздрава соцразвития России г. Обнинск\". В памятке ограничение в общении с детьми и беременными - недели, в устной консультации -  месяц, на форуме ФГБУ МРНЦ доктор Родичев одному папаше советует подождать до того как фон станет , мкЗв/ч. Так и получается что вопросы остаются.  Спасибо Вам! \n\n\n"], "Протонная терапия": ["\nЗдравствуйте. Моему брату в НИИ им. Бурденко поставили диагноз: анапластическая астроцитома  ст. Заключение ПЭТ в Институте мозга г. Санкт-Петербурга: злокачественная глиома левого таламуса с каудальным распространением субтенториально. Встал вопрос о лечении, либо облучение в НИИ им. Бурденко на линейном ускорителе Novalis, либо протонная терапия в г. Дубна. Подскажите, действительно ли протонная терапия менее вредная для здоровых тканей и уместна ли она в данном случае? Какое лечение будет более эффективным? Заранее спасибо за ответ. \n\n\n", "\nДобрый  день!  Не  имея  личного  опыта  в  лечение  больных  с  опухолями  нервной  системы  давать  рекомендации  считаю  со  своей  стороны  некомпетентным. Рекомендую,  прислушаться   к  советам  специалистов  НИИ нейрохирургии имени Н.Н.Бурденко.  \n\n\n\n"], "гигрома лучезапястного сустава": ["\nМоему сыну  лет. Гигрома последние  года. Никогда не лечили. В последнее время увеличилась, скорее всего из-за нагрузок (утяжелители на запястья).  Ребёнок занимается скалолазанием, через год международные соревнования. Здоровье конечно важнее, но он к этому долго шёл и убить его мечту тоже не могу. Можно ли подождать год ? Если делать операцию сейчас, как скоро сможет рука восстановиться? И можно ли в будущем заниматься спортом? И какой метод удаления наиболее эффективен и не даёт рецидива - ПОЛОСТНОЙ или РАДИОВОЛНОВОЙ? Наш  хирург (Казахстан) рекомендует только хирургическое вмешательство. (при этом говорит, что никакого радиоволнового и лазерного не существует).  И также вопрос - пока мы не определились с операцией - какие препараты (мази, гели) можно использовать? С Уважением Оксана.\t\t  \n\n\n", "\nДобрый  день!    Лечение  хирургическое!!!  Мази,  гели  в  данном  случае  малоэффективны  в  целом. \n\n\n\n"], "Диагноз: постлучевой пульмонит и постлучевой перикардит": ["\nУважаемый доктор! Я перенесла операцию в  году на рак молочной железы. В  году были обнаружены множественные поражения скелета метастазами. Было назначено лечение: химиотерапия и лучевая терапия различных частей скелета, в том числе, грудного отдела позвоночника. В августе  года, как побочный эффект лечения, возникли острый постлучевой пульмонит и постлучевой перикардит. Была назначена стандартная схема лечения с применением антибиотиков,  преднизалона и мочегонных. В настоящее время постоянно принимаю медрол и диувер. Рентген показал в легких  мл жидкости, в сердце -  мл.Попытка эвакуации жидкости из легких не дала результатов.Чувствую постоянную одышку, невозможность спать лежа, слабость в ногах... Вопросы: - существуют ли альтернативные и более эффективные схемы лечения моего заболевания? - появились ли новые, более действенные лекарства? Заранее благодарна за совет, Елена\n\n\n", "\nДля    лечения  метастатического  поражения  скелета  наиболее  эффективны  сочетанная  терапия: ПХТ +  бисфосфонаты+ радионуклидная терапия :  Sr - метастрон,  либо  Sm-оксабифор( аналог  фр.:  Лексидронам). \n\n\n\n"], "Результаты исследования почек (сцинтиграфия и др.)": ["\nДобрый вечер! Уважаемые врачи!  Летом этого года я проходил стационарное обследование в урологическом отеделении, где мне поставили диагноз \"Пиелоэктазия справа вероятно за счет сдавления добавочным сосудом(несколько замедлен отток) (по результатам в/в урографии), киста левой почки размером  см (год назад киста в том же месте была размером , см).(результат прилагаю)   Месяц назад я прошел исследование почек - \"Реносцинтиграфия\".(результат исследования прилагаю)    На всякий случай привожу печатный текст заключения по реносцинтиграфии: Заключение: Контуры, размеры – не изменены. Показатель артер. факт. почечного кровотока RD и RS соответствует норме. Асимметрия показателей составляет  секунды, что соответствует верхней границе нормы. Венозный отток достаточный. Ренограммы деформированы:  •    справа – удлинен фильтрационный сегмент, значительно удлинен экскреторный. Нарушение оттока больше примерно на уровне лоханки •    слева – фильтрационный сегмент сохранен, экскреторный умеренно удлинен.  В связи с чем у меня вопрос: имеются ли нарушения функции почек по результатам вышеприведенных обследования в урологическом отделении и исследования \"реносцинтиграфия\". Если имееются, то какие конкретно нарушения и какой степени, т.е. незначительные, умеренные и т.п. А также, если этих исследований недостаточно для постановления диагноза, то тогда какие еще исследования необходимо пройти? Заранее благодарю.\n\n\n", "\nДля  полной  оценки  функционального  состояние  почек  требуется  определить   уровни  креатинина  и  сыворотки  крови. \n\n\n\n"], "РАДИОАКТИВНЫЙ ЙОД": ["\nЗдравствуйте!Мужу  лет .  года назад был папиллярный рак щитовидной железы ,щитовидка удалена. Каждые - месяцев ездит на радиоактивный йод!Планируем беременность . С дня последнего принятия йода прошло ,месяца. Подскажите через какое время можно планировать беременность,что бы не было угрозы плоду?! Заранее спасибо!.....\n\n\n", "\nДобрый  день!    ,- месяца  достаточный  срок  для обновления сперматозоидов.  Но перед  планировнием беременности  обязстельно  необходимо  сделать  спермограмму!!! Где  проводится  радиойодтерапия????\n\n\n\n"]}